{
    "Heure": [
        16,
        17,
        18,
        19,
        20,
        21,
        22,
        23,
        0,
        1,
        2,
        3,
        4,
        5,
        6,
        7,
        8,
        9,
        10,
        11,
        12,
        13,
        14,
        15,
        16
    ],
    "Vitesse du vent (km/h)": [
        20.808,
        20.736,
        20.7,
        17.136,
        13.572000000000001,
        10.008,
        8.64,
        7.236,
        5.867999999999999,
        5.760000000000001,
        5.652,
        5.5440000000000005,
        7.38,
        9.251999999999999,
        11.088000000000001,
        14.4,
        17.712,
        21.024,
        21.384,
        21.78,
        22.14,
        22.392,
        22.608,
        22.86,
        22.5
    ],
    "Direction du vent": [
        "WSW",
        "WSW",
        "WSW",
        "W",
        "W",
        "W",
        "W",
        "W",
        "WSW",
        "WSW",
        "WSW",
        "WSW",
        "WSW",
        "WSW",
        "W",
        "WSW",
        "WSW",
        "WSW",
        "W",
        "W",
        "W",
        "W",
        "W",
        "W",
        "W"
    ],
    "Hauteur de la houle": [
        1.32,
        1.35,
        1.38,
        1.42,
        1.47,
        1.51,
        1.51,
        1.52,
        1.52,
        1.51,
        1.5,
        1.49,
        1.49,
        1.5,
        1.5,
        1.53,
        1.55,
        1.58,
        1.59,
        1.61,
        1.62,
        1.64,
        1.65,
        1.67,
        1.69
    ],
    "État du vent": [
        "onshore",
        "onshore",
        "onshore",
        "onshore",
        "onshore",
        "onshore",
        "onshore",
        "onshore",
        "onshore",
        "onshore",
        "onshore",
        "onshore",
        "onshore",
        "onshore",
        "onshore",
        "onshore",
        "onshore",
        "onshore",
        "onshore",
        "onshore",
        "onshore",
        "onshore",
        "onshore",
        "onshore",
        "onshore"
    ],
    "Direction du swell": [
        "W",
        "W",
        "W",
        "W",
        "W",
        "W",
        "W",
        "W",
        "W",
        "W",
        "W",
        "W",
        "W",
        "W",
        "W",
        "W",
        "WNW",
        "WNW",
        "WNW",
        "WNW",
        "WNW",
        "WNW",
        "WNW",
        "WNW",
        "WNW"
    ],
    "État du swell": [
        "onshore",
        "onshore",
        "onshore",
        "onshore",
        "onshore",
        "onshore",
        "onshore",
        "onshore",
        "onshore",
        "onshore",
        "onshore",
        "onshore",
        "onshore",
        "onshore",
        "onshore",
        "onshore",
        "onshore",
        "onshore",
        "onshore",
        "onshore",
        "onshore",
        "onshore",
        "onshore",
        "onshore",
        "onshore"
    ]
}